<annotation>
	<folder>images</folder>
	<filename>img (110).jpg</filename>
	<path>C:\Users\Moses Olafenwa\Documents\AI\Custom Datasets\FIRE DETECTION\dist\images\img (110).jpg</path>
	<source>
		<database>Unknown</database>
	</source>
	<size>
		<width>259</width>
		<height>194</height>
		<depth>3</depth>
	</size>
	<segmented>0</segmented>
	<object>
		<name>fire</name>
		<pose>Unspecified</pose>
		<truncated>0</truncated>
		<difficult>0</difficult>
		<bndbox>
			<xmin>112</xmin>
			<ymin>83</ymin>
			<xmax>187</xmax>
			<ymax>121</ymax>
		</bndbox>
	</object>
</annotation>
