<annotation>
	<folder>images</folder>
	<filename>img (60).jpg</filename>
	<path>C:\Users\Moses Olafenwa\Documents\AI\Custom Datasets\FIRE DETECTION\dist\images\img (60).jpg</path>
	<source>
		<database>Unknown</database>
	</source>
	<size>
		<width>274</width>
		<height>184</height>
		<depth>3</depth>
	</size>
	<segmented>0</segmented>
	<object>
		<name>fire</name>
		<pose>Unspecified</pose>
		<truncated>0</truncated>
		<difficult>0</difficult>
		<bndbox>
			<xmin>85</xmin>
			<ymin>44</ymin>
			<xmax>178</xmax>
			<ymax>136</ymax>
		</bndbox>
	</object>
	<object>
		<name>fire</name>
		<pose>Unspecified</pose>
		<truncated>0</truncated>
		<difficult>0</difficult>
		<bndbox>
			<xmin>85</xmin>
			<ymin>13</ymin>
			<xmax>131</xmax>
			<ymax>39</ymax>
		</bndbox>
	</object>
</annotation>
