<annotation>
	<folder>images</folder>
	<filename>pic (47).jpg</filename>
	<path>C:\Users\Moses Olafenwa\Documents\AI\Custom Datasets\FIRE DETECTION\dist\images\pic (47).jpg</path>
	<source>
		<database>Unknown</database>
	</source>
	<size>
		<width>292</width>
		<height>173</height>
		<depth>3</depth>
	</size>
	<segmented>0</segmented>
	<object>
		<name>fire</name>
		<pose>Unspecified</pose>
		<truncated>0</truncated>
		<difficult>0</difficult>
		<bndbox>
			<xmin>97</xmin>
			<ymin>74</ymin>
			<xmax>183</xmax>
			<ymax>128</ymax>
		</bndbox>
	</object>
	<object>
		<name>fire</name>
		<pose>Unspecified</pose>
		<truncated>0</truncated>
		<difficult>0</difficult>
		<bndbox>
			<xmin>121</xmin>
			<ymin>139</ymin>
			<xmax>178</xmax>
			<ymax>163</ymax>
		</bndbox>
	</object>
</annotation>
