<annotation>
	<folder>images</folder>
	<filename>pic (74).jpg</filename>
	<path>C:\Users\Moses Olafenwa\Documents\AI\Custom Datasets\FIRE DETECTION\dist\images\pic (74).jpg</path>
	<source>
		<database>Unknown</database>
	</source>
	<size>
		<width>202</width>
		<height>249</height>
		<depth>3</depth>
	</size>
	<segmented>0</segmented>
	<object>
		<name>fire</name>
		<pose>Unspecified</pose>
		<truncated>0</truncated>
		<difficult>0</difficult>
		<bndbox>
			<xmin>61</xmin>
			<ymin>125</ymin>
			<xmax>104</xmax>
			<ymax>184</ymax>
		</bndbox>
	</object>
</annotation>
