<annotation>
	<folder>images</folder>
	<filename>small (126).jpg</filename>
	<path>C:\Users\Moses Olafenwa\Documents\AI\Custom Datasets\FIRE DETECTION\dist\images\small (126).jpg</path>
	<source>
		<database>Unknown</database>
	</source>
	<size>
		<width>300</width>
		<height>168</height>
		<depth>3</depth>
	</size>
	<segmented>0</segmented>
	<object>
		<name>fire</name>
		<pose>Unspecified</pose>
		<truncated>0</truncated>
		<difficult>0</difficult>
		<bndbox>
			<xmin>159</xmin>
			<ymin>70</ymin>
			<xmax>187</xmax>
			<ymax>102</ymax>
		</bndbox>
	</object>
</annotation>
